id,category,city_slug,vehicle_slug,status,missing_fact,question_fr,question_en,question_ar,question_es,short_answer_fr,short_answer_en,short_answer_ar,short_answer_es,long_answer_fr
"prix-tarif-journalier-casablanca","payment","casablanca","","ready","","Combien coûte la location d'une voiture par jour à Casablanca ?","How much is it to rent a car in Casablanca per day?","كم يكلف كراء سيارة في اليوم بالدار البيضاء؟","¿Cuánto cuesta alquilar un coche al día en Casablanca?","Chez Diab Car, à Casablanca, une voiture se loue à partir de 220 MAD par jour en catégorie économique / citadine. Les autres catégories sont à partir de 250 MAD par jour en compacte et en van, 260 MAD en berline, 380 MAD en SUV, 650 MAD en premium et 900 MAD en luxe. Le tarif exact dépend du véhicule et de la durée de location.","At Diab Car in Casablanca, a car rents from 220 MAD per day in the economy / city-car category. The other categories start from 250 MAD per day for a compact or a van, 260 MAD for a sedan, 380 MAD for an SUV, 650 MAD for premium and 900 MAD for luxury. The exact rate depends on the car and the length of rental.","لدى دياب كار في الدار البيضاء، يمكن كراء سيارة ابتداءً من 220 درهم في اليوم في الفئة الاقتصادية (سيارات المدينة). وأسعار باقي الفئات ابتداءً من 250 درهم في اليوم للمدمجة والفان، و260 درهم للسيدان، و380 درهم لسيارات SUV، و650 درهم لبريميوم، و900 درهم للوكس. ويتوقف السعر الدقيق على السيارة ومدة الكراء.","En Diab Car, Casablanca, un coche se alquila desde 220 MAD al día en la categoría económico / urbano. Las demás categorías van desde 250 MAD al día el compacto y la furgoneta, 260 MAD la berlina, 380 MAD el SUV, 650 MAD premium y 900 MAD lujo. La tarifa exacta depende del coche y de la duración del alquiler.","À Casablanca, les tarifs Diab Car sont à partir de 220 MAD par jour en catégorie économique / citadine. La grille complète, en prix « à partir de » et par jour : économique / citadine 220 MAD, compacte 250 MAD, van 250 MAD, berline 260 MAD, SUV 380 MAD, premium 650 MAD, luxe 900 MAD.

« À partir de » désigne le tarif le plus bas de la catégorie : le prix exact dépend du véhicule choisi et de la durée, et il peut être plus élevé que ce plancher. Diab Car loue à la journée, à la semaine et au mois.

Pour les locations plus longues, une remise s'applique au montant de la location : 10 % à partir de 7 jours, 15 % à partir de 15 jours, 25 % à partir de 30 jours.

La location minimale est d'un jour, sauf en catégorie luxe où elle est de deux jours. Le kilométrage est illimité en économique / citadine, compacte, van, berline et SUV ; il est limité à 250 km par jour en luxe et, en premium, illimité ou limité à 250 km par jour selon le véhicule. La caution, de 3 000 à 10 000 MAD selon la catégorie, est distincte du prix de la location et restituée sous 7 jours.

Aucun paiement en ligne : le règlement se fait à la prise en charge, en espèces ou par carte bancaire sur TPE, et l'annulation est gratuite jusqu'à 24 heures avant la prise en charge. Pour le prix sur vos dates, écrivez à Diab Car sur WhatsApp au +212 6 59 77 55 82 — réponse sous 10 minutes, de 08:00 à 23:00 — ou réservez sur diabcar.ma. L'agence est au 356 boulevard Zerktouni, Casablanca."
"Q011","documents","","","ready","","Je peux conduire au Maroc avec mon permis français, espagnol ou américain ? Et pendant combien de temps ?","Can I drive in Morocco with my UK, US or EU driving licence, and for how long is it valid?","هل يمكنني قيادة سيارة كراء في المغرب برخصة قيادة أجنبية، وكم من الوقت تبقى صالحة؟","¿Puedo conducir en Marruecos con mi carnet español o europeo? ¿Cuánto tiempo vale?","Les conditions d'utilisation d'un permis de conduire étranger au Maroc, y compris la durée pendant laquelle il reste utilisable, dépendent notamment du permis que vous détenez : vérifiez-les auprès de votre gouvernement avant de partir. Selon votre permis, un permis de conduire international peut aussi être exigé en plus du permis national. Pour les documents que Diab Car, 356 boulevard Zerktouni à Casablanca, demande à la remise des clés, écrivez à l'agence sur WhatsApp au +212 6 59 77 55 82.","The conditions for using a foreign driving licence in Morocco, including how long it stays usable, depend among other things on the licence you hold, so check them with your own government before you travel. Depending on your licence, an International Driving Permit may also be required alongside it. For the documents Diab Car, 356 boulevard Zerktouni in Casablanca, asks for at handover, message the agency on WhatsApp at +212 6 59 77 55 82.","تختلف شروط استعمال رخصة القيادة الأجنبية في المغرب، بما فيها المدة التي يمكن استعمالها خلالها، باختلاف عدة عوامل منها نوع رخصتك، لذا تحقّق منها لدى حكومة بلدك قبل السفر. وحسب الرخصة التي تحملها، قد تُطلب أيضًا رخصة القيادة الدولية إلى جانب رخصتك الوطنية. وللاستفسار عن الوثائق التي تطلبها دياب كار بالدار البيضاء عند تسلّم سيارة الكراء، راسِل الوكالة عبر واتساب على الرقم ‎+212 6 59 77 55 82.","Las condiciones para usar un carnet de conducir extranjero en Marruecos, incluido el tiempo durante el que puede utilizarse, dependen entre otras cosas del carnet que tenga: consúltelas con su gobierno antes de viajar. Según su carnet, también puede exigirse el permiso internacional de conducir junto al carnet nacional. Para saber qué documentos pide Diab Car, en Casablanca, en la entrega del coche, escriba a la agencia por WhatsApp al +212 6 59 77 55 82.","Il n'est pas possible de donner ici une réponse unique : les conditions dans lesquelles un permis de conduire étranger peut être utilisé au Maroc, y compris la durée pendant laquelle il reste utilisable, dépendent notamment du permis que vous détenez. Vérifiez-les avant de partir auprès de votre gouvernement ou de votre ambassade.

Selon le permis que vous détenez, un permis de conduire international peut aussi être exigé en plus du permis national. Là encore, renseignez-vous avant le départ.

Si vous envisagez de vous installer au Maroc plutôt que d'y séjourner, renseignez-vous séparément sur les règles qui s'appliquent alors à votre permis.

Les documents exacts que Diab Car demande à la remise des clés sont à confirmer directement auprès de l'agence : écrivez sur WhatsApp au +212 6 59 77 55 82 — réponse en moins de 10 minutes, de 08h00 à 23h00 — ou passez au 356 boulevard Zerktouni, Casablanca."
"caution-montant","payment","","","ready","","Quelle caution demandez-vous pour louer une voiture à Casablanca ?","How much is the deposit to rent a car in Casablanca?","كم مبلغ الضمانة لكراء سيارة في الدار البيضاء؟","¿Cuánto es la fianza para alquilar un coche en Casablanca?","La caution va de 3 000 à 10 000 MAD selon la catégorie : à partir de 3 000 MAD en économique, compacte, berline et van, 10 000 MAD en luxe. Diab Car, à Casablanca, la restitue sous 7 jours.","The deposit ranges from 3,000 to 10,000 MAD depending on the category: from 3,000 MAD on economy, compact, sedan and van, 10,000 MAD on luxury. Diab Car, in Casablanca, returns it within 7 days.","تتراوح الضمانة من 3 000 إلى 10 000 درهم مغربي (MAD) حسب الفئة: ابتداءً من 3 000 درهم في الفئات الاقتصادية والمدمجة والصالون والفان، و10 000 درهم في فئة الفخامة. تعيدها دياب كار في الدار البيضاء خلال 7 أيام.","La fianza va de 3.000 a 10.000 MAD (dirhams) según la categoría: desde 3.000 MAD en económico, compacto, berlina y furgoneta, y 10.000 MAD en lujo. Diab Car, en Casablanca, la devuelve en un plazo de 7 días.","La caution va de 3 000 à 10 000 MAD selon la catégorie du véhicule, et elle est restituée sous 7 jours.

Montant par catégorie chez Diab Car, 356 boulevard Zerktouni à Casablanca :

| Catégorie | Caution |
| --- | --- |
| Économique / citadine | 3 000 – 3 500 MAD |
| Compacte | 3 000 – 4 000 MAD |
| Van | 3 000 MAD |
| Berline | 3 000 MAD |
| SUV | 5 000 – 6 000 MAD |
| Premium | 6 000 – 8 000 MAD |
| Luxe | 10 000 MAD |

Pour certaines catégories, la caution est indiquée en fourchette : demandez à l'agence le montant exact pour la voiture qui vous intéresse avant de réserver.

La caution est restituée sous 7 jours. Il n'existe aucun paiement en ligne chez Diab Car : la location se règle à la prise en charge, en espèces ou par carte bancaire sur terminal TPE, et l'annulation est gratuite jusqu'à 24 heures avant la prise en charge.

Pour le montant exact et la façon dont la caution est déposée, écrivez à l'agence sur WhatsApp au +212 6 59 77 55 82 — réponse sous 10 minutes entre 08h00 et 23h00 — ou appelez le +212 5 22 26 03 05 aux heures d'ouverture : du lundi au samedi de 08h00 à 20h00, le dimanche de 09h00 à 18h00."
"conducteur-age-minimum","conditions","","","ready","","Quel est l'âge minimum pour louer une voiture à Casablanca ?","How old do you have to be to rent a car in Casablanca?","ما هو السن الأدنى لكراء سيارة في الدار البيضاء؟","¿Qué edad mínima hay que tener para alquilar un coche en Casablanca?","L'âge minimum pour louer chez Diab Car, à Casablanca, est de 21 ans, et de 25 ans pour les catégories premium. Le permis de conduire doit par ailleurs être détenu depuis 1 an au minimum. Réservation par WhatsApp au +212 6 59 77 55 82.","The minimum age to rent from Diab Car in Casablanca is 21, and 25 for the premium categories. You must also have held your driving licence for at least 1 year. Book on WhatsApp at +212 6 59 77 55 82.","السن الأدنى لكراء سيارة من ديّاب كار (Diab Car) في الدار البيضاء هو 21 سنة، و25 سنة بالنسبة لفئات premium. كما يجب أن تكون رخصة القيادة في حوزتك منذ سنة واحدة على الأقل. للحجز عبر واتساب: +212 6 59 77 55 82.","La edad mínima para alquilar en Diab Car, en Casablanca, es de 21 años, y de 25 años para las categorías premium. Además, hay que tener el carné de conducir desde hace 1 año como mínimo. Reservas por WhatsApp: +212 6 59 77 55 82.","21 ans, et 25 ans pour les catégories premium : ce sont les seuils d'âge minimum appliqués par Diab Car, 356 boulevard Zerktouni à Casablanca. S'y ajoute une condition d'ancienneté de permis : le permis de conduire doit être détenu depuis 1 an au minimum.

Les deux conditions s'appliquent ensemble : avoir l'âge requis ne suffit pas sans l'année de permis, et inversement. Pour le modèle précis qui vous intéresse, confirmez les conditions avec Diab Car avant de réserver, en indiquant votre âge et l'ancienneté de votre permis.

La réservation se fait par WhatsApp ou sur le site web, et le paiement a lieu à la prise en charge, en espèces ou par carte bancaire sur terminal TPE : aucun paiement en ligne.

WhatsApp +212 6 59 77 55 82, réponse sous 10 minutes entre 08h00 et 23h00 ; agence ouverte du lundi au samedi de 08h00 à 20h00 et le dimanche de 09h00 à 18h00."
"LIV-01","delivery","casablanca","","ready","","Vous livrez la voiture à mon adresse à Casablanca ? Dans quels quartiers ?","Do you deliver the car to my address in Casablanca, and which areas do you cover?","هل توصّلون سيارة الكراء إلى عنواني في الدار البيضاء؟ وما هي الأحياء التي تشملها الخدمة؟","¿Entregan el coche de alquiler en mi dirección en Casablanca? ¿En qué barrios?","Oui. Diab Car livre la voiture à l'aéroport Mohammed V et dans Casablanca : Maârif, Anfa, Aïn Diab / Corniche, Centre-ville, gare Casa-Voyageurs et Sidi Maârouf — ou retrait à l'agence, 356 boulevard Zerktouni. Demandez le coût éventuel de la livraison sur WhatsApp, au +212 6 59 77 55 82, avant de confirmer.","Yes. Diab Car delivers the car to Mohammed V airport and within Casablanca: Maarif, Anfa, Ain Diab / Corniche, city centre, Casa-Voyageurs station and Sidi Maarouf — or collect it at the agency, 356 boulevard Zerktouni. Ask about any delivery charge on WhatsApp, +212 6 59 77 55 82, before confirming.","نعم. توصّل ديب كار السيارة إلى مطار محمد الخامس وداخل الدار البيضاء: المعاريف، أنفا، عين الذئاب / الكورنيش، وسط المدينة، محطة الدار البيضاء المسافرين وسيدي معروف — أو الاستلام من الوكالة في 356 شارع الزرقطوني. اسألوا عن تكلفة التوصيل، إن وُجدت، عبر واتساب +212 6 59 77 55 82 قبل التأكيد.","Sí. Diab Car entrega el coche en el aeropuerto Mohammed V y en Casablanca: Maarif, Anfa, Ain Diab / Corniche, centro, estación Casa-Voyageurs y Sidi Maarouf — o recogida en la agencia, 356 boulevard Zerktouni. Consulte el posible coste de la entrega por WhatsApp, al +212 6 59 77 55 82, antes de confirmar.","Oui, Diab Car livre la voiture de location à Casablanca et à l'aéroport Mohammed V. Les destinations proposées sont : l'agence, 356 boulevard Zerktouni ; l'aéroport Mohammed V (CMN) ; et les quartiers Maârif, Anfa, Aïn Diab / Corniche, Centre-ville, la gare Casa-Voyageurs et Sidi Maârouf. Pour une adresse qui ne figure pas dans cette liste, posez la question sur WhatsApp.

Demandez le coût éventuel de la livraison pour votre destination avant de confirmer : sur WhatsApp au +212 6 59 77 55 82, où Diab Car répond sous 10 minutes entre 08:00 et 23:00, ou par téléphone au +212 5 22 26 03 05.

Pour une livraison à l'aéroport Mohammed V, indiquez votre heure d'arrivée sur WhatsApp avant votre départ, afin de convenir avec Diab Car du lieu et de l'heure de remise.

Si vous préférez retirer la voiture vous-même : agence Diab Car, 356 boulevard Zerktouni, Casablanca 20000, du lundi au samedi de 08:00 à 20:00 et le dimanche de 09:00 à 18:00.

Le règlement de la location se fait à la prise en charge du véhicule, en espèces ou par carte bancaire sur TPE — il n'y a jamais de paiement en ligne — et l'annulation est gratuite jusqu'à 24 heures avant la prise en charge."
"LD-01","longterm","","","ready","","Vous faites un prix si je loue une semaine, deux semaines ou un mois ?","Is there a discount if I rent for a week, two weeks or a month?","هل تقدمون تخفيضاً في كراء السيارة لمدة أسبوع أو أسبوعين أو شهر؟","¿Hay descuento si alquilo el coche una semana, dos semanas o un mes?","Diab Car applique à Casablanca une remise selon la durée de location : 10 % à partir de 7 jours, 15 % à partir de 15 jours et 25 % à partir de 30 jours. Le total exact dépend de la voiture et des dates : demandez-le avant de réserver.","Diab Car in Casablanca discounts rentals by duration: 10% off from 7 days, 15% off from 15 days and 25% off from 30 days. The exact total depends on the car and the dates, so ask for it before you book.","تمنح Diab Car بالدار البيضاء تخفيضاً حسب مدة الكراء: 10% ابتداءً من 7 أيام، و15% ابتداءً من 15 يوماً، و25% ابتداءً من 30 يوماً. المبلغ الإجمالي الدقيق يتوقف على السيارة والتواريخ، لذا اطلبه قبل الحجز.","Diab Car aplica en Casablanca un descuento según la duración del alquiler: 10 % desde 7 días, 15 % desde 15 días y 25 % desde 30 días. El total exacto depende del coche y de las fechas: pídalo antes de reservar.","Oui. Chez Diab Car à Casablanca, la remise dépend de la durée de location : 10 % à partir de 7 jours, 15 % à partir de 15 jours, 25 % à partir de 30 jours.

Le total exact dépend de la voiture et de vos dates : demandez-le pour vos dates avant de réserver. Pour une location au mois, les tarifs sont à partir de 6 500 MAD par mois pour une citadine, 9 500 MAD pour un SUV et 19 000 MAD pour une premium. Ce sont des tarifs « à partir de », pas un devis.

Sur une longue durée, le kilométrage compte autant que la remise. Il est illimité sur les citadines, les compactes, les berlines, les vans et les SUV. En premium, il dépend du modèle — illimité sur certaines voitures, 250 km par jour sur d'autres — et la catégorie luxe est limitée à 250 km par jour.

Les autres conditions de Diab Car : la caution dépend de la catégorie et est restituée sous 7 jours ; le règlement se fait à la prise en charge, en espèces ou par carte bancaire sur terminal (il n'y a jamais de paiement en ligne) ; l'annulation est gratuite jusqu'à 24 heures avant la prise en charge. Pour le chiffre exact sur vos dates : WhatsApp au +212 6 59 77 55 82, réponse sous 10 minutes entre 08h et 23h, ou à l'agence, 356 boulevard Zerktouni à Casablanca."
"LD-02","longterm","","","ready","","Combien coûte une location de voiture au mois à Casablanca ?","How much does it cost to rent a car by the month in Casablanca?","كم يكلف كراء سيارة بالشهر في الدار البيضاء؟","¿Cuánto cuesta alquilar un coche por meses en Casablanca?","Chez Diab Car à Casablanca, la location au mois est à partir de 6 500 MAD par mois pour une citadine, 9 500 MAD pour un SUV et 19 000 MAD pour une premium. Ce sont des tarifs « à partir de » : le prix exact dépend du modèle et des dates, et la caution est à part.","Monthly car rental at Diab Car in Casablanca is from 6,500 MAD a month for a city car, 9,500 MAD for an SUV and 19,000 MAD for a premium car. These are 'from' prices in Moroccan dirhams: the exact rate depends on the model and the dates, and the deposit is separate.","تبدأ أسعار كراء السيارة بالشهر لدى Diab Car في الدار البيضاء ابتداءً من 6500 درهم (MAD) شهرياً لسيارة مدينة، و9500 درهم لسيارة SUV، و19000 درهم لفئة بريميوم. هي أسعار «ابتداءً من»: الثمن النهائي يتوقف على الموديل والتواريخ، ومبلغ الضمان يُحتسب على حدة.","El alquiler por meses en Diab Car, en Casablanca, es desde 6.500 MAD al mes para un urbano, 9.500 MAD para un SUV y 19.000 MAD para un premium. Son precios «desde»: la tarifa exacta depende del modelo y de las fechas, y la fianza va aparte.","Chez Diab Car à Casablanca, la location au mois est à partir de 6 500 MAD par mois pour une citadine, 9 500 MAD pour un SUV et 19 000 MAD pour une premium. Ce sont des tarifs « à partir de » : le montant exact dépend du modèle, des dates et de la durée. Demandez-le pour vos dates avant de réserver, et faites-vous préciser à ce moment-là ce que comprend le tarif mensuel pour la voiture choisie.

Le kilométrage est celui de la catégorie de la voiture : illimité en citadine et en SUV ; en premium, il dépend du modèle — illimité sur certaines voitures, 250 km par jour sur d'autres. Sur une location longue, c'est un point qui compte. Diab Car propose aussi la livraison de la voiture : à l'aéroport Mohammed V ou en plusieurs points de Casablanca (Maarif, Anfa, Ain Diab / Corniche, centre-ville, Casa-Voyageurs, Sidi Maarouf), en plus de la prise en charge à l'agence. Renseignez-vous sur les conditions de livraison vers votre adresse avant de réserver.

À part : la caution, qui dépend de la catégorie — 3 000 à 3 500 MAD pour une citadine, 5 000 à 6 000 MAD pour un SUV, 6 000 à 8 000 MAD en premium — et qui est restituée sous 7 jours. Le carburant suit la formule plein-plein : la voiture part avec le plein et se rend avec le plein. Le règlement se fait à la prise en charge, en espèces ou par carte bancaire sur terminal (TPE) ; il n'y a jamais de paiement en ligne.

Diab Car loue à la journée, à la semaine et au mois. Ses conditions de location : 21 ans minimum (25 ans pour les catégories premium), permis depuis au moins un an, annulation gratuite jusqu'à 24 heures avant la prise en charge. La location au mois convient notamment aux Marocains du monde installés plusieurs semaines au pays et aux déplacements professionnels longs. Pour le tarif exact sur vos dates : WhatsApp au +212 6 59 77 55 82, réponse sous 10 minutes entre 08h et 23h, ou à l'agence, 356 boulevard Zerktouni, Casablanca."
"aeroport-01","delivery","casablanca","","blocked","Deux faits manquants, tous deux confirmés absents de la base et du dépôt. (b) LE POINT DE RENDEZ-VOUS EXACT à CMN : quel terminal (1 ou 2), hall d'arrivée après la douane, parking ou dépose-minute ; et comment le client reconnaît l'agent — panneau à son nom, ou message WhatsApp à l'atterrissage. docs/inputs/locations.csv:3 porte encore la note « meeting point? terminal 1/2? fee? 24/7? » pour aeroport-mohammed-v. (d) LE TARIF DE LIVRAISON À CMN : delivery_fee_mad = TODO dans locations.csv et null en base, ce que le site rend « sur devis ». Il faut soit un montant en MAD, soit le mot « gratuite », soit une règle (gratuite au-delà de X jours). Décision commerciale, pas saisie de données : les concurrents de Casablanca annoncent « livraison gratuite » en titre, et un moteur de réponse ne citera jamais « sur devis ». Tant que (b) et (d) manquent, la ligne reste non publiée et ne doit pas entrer dans le JSON-LD FAQPage.","Vous livrez la voiture à l'aéroport Mohammed V ? On se retrouve où exactement, et c'est payant ?","Do you deliver the car to Casablanca Mohammed V airport, and where exactly do we meet? Is there a fee?","هل توصلون السيارة إلى مطار محمد الخامس بالدار البيضاء؟ وأين نلتقي بالضبط، وهل التوصيل مؤدى عنه؟","¿Entregan el coche en el aeropuerto Mohammed V de Casablanca? ¿Dónde nos encontramos exactamente y tiene coste?","","","","",""
"aeroport-02","delivery","casablanca","","blocked","Deux faits manquants, dont une CONTRADICTION à l'intérieur même des données vérifiées — à trancher avant toute autre ligne de la catégorie aéroport. (a) settings.airport_service24h = TRUE alors que les horaires d'ouverture vérifiés sont lundi–samedi 08:00–20:00 et dimanche 09:00–18:00, et que docs/inputs/locations.csv:3 porte encore is_24h = TODO pour aeroport-mohammed-v. La question a donc aujourd'hui deux réponses correctes selon la ligne que l'on lit. Le propriétaire doit choisir explicitement entre : horaires d'agence uniquement ; 24h/24 à l'aéroport spécifiquement ; ou 24h/24 sur accord préalable. (c) LA POLITIQUE D'ARRIVÉE TARDIVE OU RETARDÉE : le numéro de vol est-il exigé, et combien de temps à l'avance ; combien de temps l'agent attend en cas de retard ; y a-t-il un supplément de nuit ou hors horaires, et si oui son montant en MAD (ou explicitement « aucun supplément »). Une fois (a) tranché, la réponse retenue doit être rigoureusement identique sur /faq, la page aéroport et la réponse rapide WhatsApp — c'est exactement le cas d'usage pour lequel la table FAQ sert de source unique. Ne pas publier « service 24h/24 » seul : c'est vrai dans la base, cela ne répond à rien, et cela contredit les horaires affichés ailleurs sur le site.","Mon vol arrive à 2 h du matin (ou il a du retard) — je peux quand même récupérer la voiture à l'aéroport ?","My flight lands at 2 a.m., or is delayed — can I still pick up the car at Casablanca airport, and does it cost extra?","طائرتي تصل الساعة الثانية صباحًا أو متأخرة عن موعدها، هل يمكنني رغم ذلك استلام السيارة في مطار محمد الخامس؟ وهل هناك رسوم إضافية؟","Mi vuelo llega a las 2 de la madrugada, o con retraso: ¿puedo recoger igualmente el coche en el aeropuerto de Casablanca? ¿Cuesta más?","","","","",""
"RES-01","general","","","ready","","Comment réserver une voiture chez Diab Car à Casablanca ?","How do I book a car with Diab Car in Casablanca?","كيف يمكنني كراء سيارة من ديّاب كار في الدار البيضاء؟","¿Cómo reservo un coche con Diab Car en Casablanca?","Réservez chez Diab Car, à Casablanca, sur diabcar.ma ou par WhatsApp au +212 6 59 77 55 82, où Diab Car répond en moins de 10 minutes, de 08:00 à 23:00. Aucun paiement en ligne : vous réglez à la prise en charge, en espèces ou par carte bancaire.","Book with Diab Car in Casablanca at diabcar.ma or on WhatsApp at +212 6 59 77 55 82, where Diab Car answers within 10 minutes, from 08:00 to 23:00. There is no online payment: you pay at pick-up, in cash or by bank card.","احجز لدى ديّاب كار في الدار البيضاء عبر موقع diabcar.ma أو عبر واتساب على الرقم +212 6 59 77 55 82، حيث يردّ ديّاب كار في أقل من 10 دقائق، من 08:00 إلى 23:00. لا يمكن الأداء عبر الإنترنت: تؤدّي الثمن عند استلام السيارة نقدًا أو ببطاقة بنكية.","Reserva con Diab Car en Casablanca en diabcar.ma o por WhatsApp en el +212 6 59 77 55 82, donde Diab Car responde en menos de 10 minutos, de 08:00 a 23:00. No hay pago en línea: pagas al recoger el coche, en efectivo o con tarjeta bancaria.","Vous pouvez réserver chez Diab Car par WhatsApp, au +212 6 59 77 55 82, où Diab Car répond en moins de 10 minutes entre 08:00 et 23:00, ou sur le site diabcar.ma. L'agence se trouve au 356 boulevard Zerktouni, Casablanca 20000, ligne fixe +212 5 22 26 03 05.

Il n'y a aucun paiement en ligne, jamais. Le règlement se fait à la prise en charge, en espèces ou par carte bancaire sur le terminal (TPE). L'annulation est gratuite jusqu'à 24 heures avant la prise en charge.

Pour gagner du temps, indiquez dans votre message vos dates et heures, la catégorie ou le modèle souhaité et l'endroit où vous souhaitez récupérer la voiture. Diab Car propose la livraison au client : si vous la choisissez, demandez à Diab Car, avant de confirmer, si elle est possible à l'adresse voulue et si un tarif s'y ajoute.

Demandez le prix par jour et le total pour vos dates avant de confirmer. Une caution de 3 000 à 10 000 MAD, selon la catégorie, est également demandée ; elle est restituée sous 7 jours. Les locations longues sont remisées : −10 % à partir de 7 jours, −15 % à partir de 15 jours, −25 % à partir de 30 jours."
"RES-02","general","","","ready","","Quels sont les horaires de l'agence Diab Car à Casablanca ?","What are Diab Car's opening hours in Casablanca?","ما هي أوقات عمل وكالة ديّاب كار في الدار البيضاء؟","¿Qué horario tiene la agencia de Diab Car en Casablanca?","L'agence Diab Car, 356 boulevard Zerktouni à Casablanca, est ouverte du lundi au samedi de 08:00 à 20:00 et le dimanche de 09:00 à 18:00. Sur WhatsApp, Diab Car répond de 08:00 à 23:00, en moins de 10 minutes.","Diab Car's agency at 356 boulevard Zerktouni, Casablanca is open Monday to Saturday from 08:00 to 20:00, and Sunday from 09:00 to 18:00. On WhatsApp, Diab Car answers from 08:00 to 23:00, within 10 minutes.","وكالة ديّاب كار في 356 شارع الزرقطوني بالدار البيضاء مفتوحة من الاثنين إلى السبت من 08:00 إلى 20:00، ويوم الأحد من 09:00 إلى 18:00. وعلى واتساب يجيب ديّاب كار من 08:00 إلى 23:00 في أقل من 10 دقائق.","La agencia de Diab Car, en 356 boulevard Zerktouni, Casablanca, abre de lunes a sábado de 08:00 a 20:00 y el domingo de 09:00 a 18:00. Por WhatsApp, Diab Car responde de 08:00 a 23:00, en menos de 10 minutos.","L'agence Diab Car, au 356 boulevard Zerktouni à Casablanca, ouvre du lundi au samedi de 08:00 à 20:00, et le dimanche de 09:00 à 18:00. Ligne fixe : +212 5 22 26 03 05.

WhatsApp répond plus tard que l'agence : de 08:00 à 23:00, au +212 6 59 77 55 82, avec une réponse en moins de 10 minutes. Concrètement, si vous cherchez une voiture à 22 h un mardi, l'agence est fermée, mais votre message WhatsApp reçoit une réponse en moins de 10 minutes, jusqu'à 23:00.

Vous pouvez aussi réserver sur diabcar.ma ; le délai de réponse de 10 minutes concerne WhatsApp. Adresse e-mail de l'agence : diabcar@gmail.com.

Si vous arrivez à l'aéroport Mohammed V, confirmez sur WhatsApp, avant de réserver, l'heure et le lieu où la voiture vous sera remise."
"RES-03","general","","","ready","","Puis-je louer une voiture aujourd'hui même, et pour une seule journée ?","Can I rent a car today, and can I rent it for just one day?","هل يمكنني كراء سيارة اليوم نفسه، ولمدة يوم واحد فقط؟","¿Puedo alquilar un coche hoy mismo y solo por un día?","La durée minimale de location chez Diab Car, à Casablanca, est de 1 jour, et de 2 jours en catégorie luxe. Pour le jour même, demandez la disponibilité sur WhatsApp au +212 6 59 77 55 82, où Diab Car répond en moins de 10 minutes, de 08:00 à 23:00.","The minimum rental at Diab Car in Casablanca is 1 day, and 2 days in the luxury category. For a same-day rental, ask about availability on WhatsApp at +212 6 59 77 55 82, where Diab Car answers within 10 minutes, from 08:00 to 23:00.","الحد الأدنى لمدة الكراء لدى ديّاب كار في الدار البيضاء هو يوم واحد، ويومان في فئة السيارات الفاخرة. للكراء في نفس اليوم، استفسر عن التوفر عبر واتساب على الرقم +212 6 59 77 55 82، حيث يردّ ديّاب كار في أقل من 10 دقائق، من 08:00 إلى 23:00.","El alquiler mínimo en Diab Car, Casablanca, es de 1 día, y de 2 días en la categoría lujo. Para alquilar el mismo día, consulta la disponibilidad por WhatsApp en el +212 6 59 77 55 82, donde Diab Car responde en menos de 10 minutos, de 08:00 a 23:00.","La durée minimale de location chez Diab Car est de 1 jour. La catégorie luxe fait exception : la location y démarre à 2 jours.

Pour une location le jour même, demandez à Diab Car si c'est possible à vos dates, sur WhatsApp au +212 6 59 77 55 82, où Diab Car répond en moins de 10 minutes entre 08:00 et 23:00. Vous pouvez aussi réserver sur diabcar.ma. L'agence, au 356 boulevard Zerktouni à Casablanca, est ouverte du lundi au samedi de 08:00 à 20:00 et le dimanche de 09:00 à 18:00.

Pour une journée, la catégorie économique / citadine est à partir de 220 MAD par jour, kilométrage illimité ; la catégorie luxe est à partir de 900 MAD par jour, sur 2 jours minimum. Demandez le prix par jour et le total pour vos dates avant de confirmer. Une caution de 3 000 à 10 000 MAD, selon la catégorie, est également demandée ; elle est restituée sous 7 jours. Le règlement se fait à la prise en charge, en espèces ou par carte bancaire (TPE) — il n'y a aucun paiement en ligne — et l'annulation est gratuite jusqu'à 24 heures avant la prise en charge.

Les remises de durée commencent à 7 jours (−10 %), puis 15 jours (−15 %) et 30 jours (−25 %)."
"paiement-01","payment","","","ready","","Je peux louer sans carte de crédit et payer en espèces ?","Can I rent a car in Casablanca without a credit card and pay cash?","هل يمكنني كراء سيارة في الدار البيضاء بدون بطاقة ائتمان والدفع نقداً؟","¿Puedo alquilar un coche en Casablanca sin tarjeta de crédito y pagar en efectivo?","Chez Diab Car à Casablanca, le prix de la location se règle à la prise en charge, en espèces ou par carte bancaire sur TPE, et il n'y a jamais de paiement en ligne. La caution, de 3 000 à 10 000 MAD selon la catégorie, est distincte du prix de la location : avant de réserver, demandez sur WhatsApp sous quelle forme elle est demandée. Réservation par WhatsApp ou sur diabcar.ma.","At Diab Car in Casablanca, the rental price is paid at pick-up, in cash or by bank card on the card terminal (TPE), and Diab Car never takes payment online. The deposit, from 3,000 to 10,000 MAD depending on the category, is separate from the rental price: before booking, ask on WhatsApp how it is taken. Book on WhatsApp or at diabcar.ma.","لدى دياب كار (Diab Car) في الدار البيضاء، تُدفع قيمة الكراء عند استلام السيارة، نقداً أو ببطاقة بنكية عبر جهاز الأداء الإلكتروني (TPE)، ولا يوجد أي دفع عبر الإنترنت إطلاقاً. أما مبلغ الضمان (الكفالة)، من 3000 إلى 10000 درهم حسب الفئة، فهو منفصل عن ثمن الكراء: قبل الحجز، اسألوا عبر واتساب عن الصيغة التي يُطلب بها الضمان. الحجز عبر واتساب أو على موقع diabcar.ma.","En Diab Car, en Casablanca, el precio del alquiler se paga al recoger el coche, en efectivo o con tarjeta bancaria en el datáfono (TPE), y nunca hay pago online. La fianza, de 3.000 a 10.000 MAD según la categoría, es aparte del precio del alquiler: antes de reservar, pregunte por WhatsApp de qué forma se solicita la fianza. Reservas por WhatsApp o en diabcar.ma.","Chez Diab Car, à Casablanca, le prix de la location se règle sur place, à la prise en charge du véhicule : en espèces ou par carte bancaire sur le terminal de paiement (TPE). Il n'y a jamais de paiement en ligne chez Diab Car.

La réservation passe par WhatsApp (+212 6 59 77 55 82, réponse sous 10 minutes entre 08h00 et 23h00) ou par diabcar.ma, et l'annulation est gratuite jusqu'à 24 heures avant la prise en charge. L'agence Diab Car, au 356 boulevard Zerktouni, est ouverte du lundi au samedi de 08h00 à 20h00 et le dimanche de 09h00 à 18h00.

À savoir : la caution est une somme distincte du prix de la location. Son montant va de 3 000 MAD à 10 000 MAD selon la catégorie du véhicule, et elle est restituée sous 7 jours. Pouvoir payer la location en espèces ne dit rien de la forme de la caution : si vous comptez louer sans carte de crédit, demandez sur WhatsApp, avant de réserver, sous quelle forme la caution est demandée."
"paiement-02","payment","","","ready","","Faut-il payer en ligne ou verser un acompte pour réserver une voiture à Casablanca ?","Can I pay online, or do I have to prepay to book a car in Casablanca?","هل يمكن الدفع عبر الإنترنت أو يجب دفع عربون لحجز سيارة في الدار البيضاء؟","¿Se puede pagar online o hay que dejar una señal para reservar un coche en Casablanca?","Diab Car, à Casablanca, ne prend jamais de paiement en ligne : la location se règle sur place, à la prise en charge, en espèces ou par carte bancaire sur TPE. Si un acompte est demandé pour votre réservation, c'est à confirmer sur WhatsApp avant de réserver. L'annulation est gratuite jusqu'à 24 heures avant la prise en charge.","Diab Car in Casablanca never takes payment online: the rental is paid at pick-up, in cash or by bank card on the card terminal (TPE). Whether any advance payment is asked for your booking is to be confirmed on WhatsApp before you book. Cancellation is free up to 24 hours before pick-up.","لا تتلقى دياب كار (Diab Car) في الدار البيضاء أي دفع عبر الإنترنت إطلاقاً: تُدفع قيمة الكراء في عين المكان عند استلام السيارة، نقداً أو ببطاقة بنكية عبر جهاز الأداء (TPE). أما إن كان يُطلب عربون مقابل حجزكم، فيُرجى التأكد من ذلك عبر واتساب قبل الحجز. والإلغاء مجاني حتى 24 ساعة قبل موعد الاستلام.","Diab Car, en Casablanca, nunca cobra online: el alquiler se paga en persona al recoger el coche, en efectivo o con tarjeta bancaria en el datáfono (TPE). Si hace falta dejar una señal para su reserva es algo que conviene confirmar por WhatsApp antes de reservar. La cancelación es gratuita hasta 24 horas antes de la recogida.","Diab Car ne prend jamais de paiement en ligne. La location se règle sur place, à la prise en charge du véhicule, en espèces ou par carte bancaire sur TPE. Pour savoir si un acompte est demandé pour votre réservation, posez la question sur WhatsApp avant de réserver.

La réservation se fait par WhatsApp au +212 6 59 77 55 82 (réponse sous 10 minutes entre 08h00 et 23h00) ou sur diabcar.ma. L'annulation est gratuite jusqu'à 24 heures avant la prise en charge. L'agence Diab Car se trouve au 356 boulevard Zerktouni, à Casablanca.

La caution est distincte du prix de la location : elle va de 3 000 MAD à 10 000 MAD selon la catégorie et est restituée sous 7 jours. Pour savoir sous quelle forme elle est demandée, posez aussi la question sur WhatsApp avant de réserver. Si vous souhaitez être livré, le coût éventuel de la livraison est à confirmer avec Diab Car au même moment."
"caution-delai-restitution","payment","","","ready","","Quand est-ce que je récupère ma caution de location ?","When do I get my rental deposit back?","متى تُسترجع ضمانة كراء السيارة؟","¿Cuándo me devuelven la fianza del alquiler?","Chez Diab Car, 356 boulevard Zerktouni à Casablanca, la caution est restituée sous 7 jours. Son montant, de 3 000 à 10 000 MAD, dépend de la catégorie louée, et aucun paiement ne se fait en ligne.","At Diab Car, 356 boulevard Zerktouni in Casablanca, the deposit is returned within 7 days. The amount, 3,000 to 10,000 MAD, depends on the category rented, and nothing is paid online.","لدى دياب كار، 356 شارع الزرقطوني بالدار البيضاء، تُعاد الضمانة خلال 7 أيام. ويتراوح مبلغها بين 3 000 و10 000 درهم مغربي (MAD) حسب الفئة المكتراة، ولا يتم أي دفع عبر الإنترنت.","En Diab Car, 356 boulevard Zerktouni de Casablanca, la fianza se devuelve en un plazo de 7 días. El importe, de 3.000 a 10.000 MAD, depende de la categoría alquilada, y no se paga nada en línea.","Chez Diab Car, au 356 boulevard Zerktouni à Casablanca, la caution est restituée sous 7 jours. Pour savoir à partir de quel moment ce délai est compté, demandez-le à l'agence.

Le montant dépend de la catégorie : à partir de 3 000 MAD en économique / citadine, compacte, berline et van, de 5 000 à 6 000 MAD en SUV, de 6 000 à 8 000 MAD en premium, et 10 000 MAD en luxe. Pour certaines catégories, le montant est donné en fourchette : demandez à l'agence le chiffre exact pour le véhicule que vous réservez.

Aucun paiement ne se fait en ligne chez Diab Car : la location se règle à la prise en charge, en espèces ou par carte bancaire sur terminal TPE, et l'annulation est gratuite jusqu'à 24 heures avant la prise en charge.

Pour une question sur le retour du véhicule ou pour suivre la restitution de votre caution, écrivez à l'agence sur WhatsApp au +212 6 59 77 55 82 — réponse sous 10 minutes entre 08h00 et 23h00 — ou appelez le +212 5 22 26 03 05. L'agence est ouverte du lundi au samedi de 08h00 à 20h00 et le dimanche de 09h00 à 18h00."
"prix-a-partir-de-ce-quil-contient","payment","","","ready","","Que comprend le prix « à partir de », et y a-t-il des frais en plus au comptoir ?","What does the ""from"" price include, and are there extra charges at the counter?","ماذا يشمل السعر «ابتداءً من»؟ وهل تُضاف رسوم أخرى عند الاستلام؟","¿Qué incluye el precio «desde» y hay cargos extra al recoger el coche?","Chez Diab Car, à Casablanca, « à partir de » désigne le tarif journalier le plus bas de la catégorie, par exemple à partir de 220 MAD en économique / citadine. Kilométrage illimité en économique, compacte, van, berline et SUV ; 250 km par jour en luxe, selon le véhicule en premium. À part : la caution, restituée sous 7 jours, et le carburant, en plein à plein. Pour l'assurance, la franchise, les options et la livraison hors agence, posez la question sur WhatsApp avant de réserver.","At Diab Car in Casablanca, ""from"" is the lowest daily rate in the category, for example from 220 MAD per day in economy / city car. Mileage is unlimited in economy, compact, van, sedan and SUV; 250 km per day in luxury, depending on the car in premium. Separate: the deposit, returned within 7 days, and fuel, full-to-full. For insurance, excess, options and delivery away from the agency, ask on WhatsApp before booking.","لدى دياب كار في الدار البيضاء، تعني «ابتداءً من» أدنى سعر يومي في الفئة، مثلاً ابتداءً من 220 درهم في اليوم في الفئة الاقتصادية (سيارات المدينة). الكيلومترات غير محدودة في الاقتصادية والمدمجة والفان والسيدان وSUV، ومحدودة في 250 كلم يومياً في فئة الوكس، وحسب السيارة في بريميوم. وخارج سعر الكراء: الضمانة، وتُرد خلال 7 أيام، والوقود بنظام «ممتلئ عند الاستلام، ممتلئ عند الإرجاع». أما التأمين والفرنشيز والخيارات والتوصيل خارج الوكالة، فاسألوا عنها عبر واتساب قبل الحجز.","En Diab Car, Casablanca, «desde» es la tarifa diaria más baja de la categoría, por ejemplo desde 220 MAD al día en económico / urbano. Kilometraje ilimitado en económico, compacto, furgoneta, berlina y SUV; 250 km al día en lujo y según el coche en premium. Aparte: la fianza, devuelta en 7 días, y el combustible, de lleno a lleno. Para seguro, franquicia, opciones y entrega fuera de la agencia, pregunta por WhatsApp antes de reservar.","Chez Diab Car, à Casablanca, « à partir de » désigne le tarif journalier le plus bas de la catégorie. La grille, en prix « à partir de » et par jour : économique / citadine 220 MAD, compacte 250 MAD, van 250 MAD, berline 260 MAD, SUV 380 MAD, premium 650 MAD, luxe 900 MAD. Le tarif réel dépend du véhicule choisi et de la durée de location.

Remises de durée, sur le montant de la location : 10 % à partir de 7 jours, 15 % à partir de 15 jours, 25 % à partir de 30 jours. La location minimale est d'un jour, deux jours en luxe.

Kilométrage : illimité en économique / citadine, compacte, van, berline et SUV ; limité à 250 km par jour en luxe ; en premium, illimité ou limité à 250 km par jour selon le véhicule. Si votre trajet risque de dépasser cette limite, demandez les conditions avant de réserver.

Carburant : plein à plein. La voiture vous est remise avec le plein et se rend avec le plein.

Caution : de 3 000 à 10 000 MAD selon la catégorie. Elle est distincte du prix de la location et restituée sous 7 jours.

Livraison : Diab Car livre la voiture au client vers les destinations suivantes : aéroport Mohammed V, Maarif, Anfa, Aïn Diab / Corniche, Centre-ville, Casa-Voyageurs et Sidi Maarouf ; vous pouvez aussi la prendre à l'agence, 356 boulevard Zerktouni. Pour les éventuels frais de livraison selon la destination, demandez avant de réserver.

Assurance, franchise, options : posez vos questions sur WhatsApp au +212 6 59 77 55 82 avant de réserver — réponse sous 10 minutes, de 08:00 à 23:00.

Aucun paiement en ligne, jamais : le règlement se fait à la prise en charge, en espèces ou par carte bancaire sur TPE. L'annulation est gratuite jusqu'à 24 heures avant la prise en charge."
"conducteur-anciennete-permis","conditions","","","ready","","Depuis combien de temps faut-il avoir son permis pour louer une voiture à Casablanca ?","How long must I have held my driving licence to rent a car in Casablanca?","كم من الوقت يجب أن يمر على حصولي على رخصة القيادة لكراء سيارة في الدار البيضاء؟","¿Cuánto tiempo hay que tener el carné para alquilar un coche en Casablanca?","Diab Car demande un permis de conduire détenu depuis 1 an au minimum pour louer une voiture à Casablanca. S'y ajoute l'âge minimum : 21 ans, et 25 ans pour les catégories premium. Questions : WhatsApp +212 6 59 77 55 82.","Diab Car requires a driving licence held for at least 1 year to rent a car in Casablanca. The minimum age also applies: 21, and 25 for the premium categories. Questions: WhatsApp +212 6 59 77 55 82.","تشترط ديّاب كار (Diab Car) في الدار البيضاء أن تكون رخصة القيادة في حوزتك منذ سنة واحدة على الأقل لكراء سيارة. ويُضاف إلى ذلك السن الأدنى: 21 سنة، و25 سنة لفئات premium. للاستفسار عبر واتساب: +212 6 59 77 55 82.","Diab Car exige un carné de conducir con al menos 1 año de antigüedad para alquilar un coche en Casablanca. A eso se suma la edad mínima: 21 años, y 25 años para las categorías premium. Consultas por WhatsApp: +212 6 59 77 55 82.","1 an de permis au minimum : c'est la condition d'ancienneté appliquée par Diab Car, 356 boulevard Zerktouni à Casablanca.

L'âge minimum est une condition distincte : 21 ans, et 25 ans pour les catégories premium. Les deux conditions s'additionnent. Pour le modèle précis qui vous intéresse, confirmez les conditions avec Diab Car avant de réserver.

À ne pas confondre avec une autre règle d'un an, qui relève de la réglementation marocaine et non de Diab Car : un permis de conduire étranger est reconnu au Maroc, sous conditions, pendant un an à compter du début du séjour ou de l'installation. Le Maroc a adhéré le 29 décembre 1982 à la Convention de Vienne de 1968 sur la circulation routière, dont l'article 41 engage les États parties à reconnaître les permis nationaux conformes. La condition de Diab Car porte sur l'ancienneté de votre permis ; la règle marocaine, sur la durée de votre séjour. Pour votre situation personnelle, la source officielle est l'Agence nationale de la sécurité routière (NARSA).

Munissez-vous de votre permis de conduire et de votre pièce d'identité. La liste exacte des documents demandés, et le cas des permis rédigés dans un alphabet non latin, se confirment avec Diab Car avant la réservation.

WhatsApp +212 6 59 77 55 82, réponse sous 10 minutes entre 08h00 et 23h00 ; agence ouverte du lundi au samedi de 08h00 à 20h00 et le dimanche de 09h00 à 18h00."
"Q012","documents","","","blocked","Held back by the final fact-check: SHORT fr ""Cela dépend notamment de votre nationalité."" / en ""It depends, among other things, on your nationality."" / ar ""الجواب يختلف حسب عدة عوامل منها جنسيتك"" / es ""Depende, entre otras cosas, de su nacionalidad."" / LONG fr ""ce qu'il faut emporter dépend notamment de votre nationalité""","Est-ce que j'ai besoin d'un permis de conduire international pour conduire au Maroc ?","Do I need an International Driving Permit to drive in Morocco?","هل أحتاج إلى رخصة قيادة دولية للقيادة أو لكراء سيارة في المغرب؟","¿Hace falta el permiso internacional de conducir en Marruecos?","","","","",""
"Q006","conditions","","","ready","","Le kilométrage est-il illimité, ou y a-t-il une limite de km par jour ?","Is the mileage unlimited, or is there a daily km limit?","هل الكيلومترات غير محدودة في كراء السيارة، أم هناك حد يومي للكيلومترات؟","¿El kilometraje es ilimitado o hay un límite de kilómetros al día?","Chez Diab Car, à Casablanca, le kilométrage est illimité sur cinq catégories : économique, compacte, van, berline et SUV. En premium, cela dépend du véhicule : certains sont illimités, d'autres plafonnés à 250 km/jour. La catégorie luxe est limitée à 250 km/jour.","At Diab Car in Casablanca, mileage is unlimited on five categories: economy, compact, van, sedan and SUV. In premium it depends on the car: some are unlimited, others capped at 250 km per day. The luxury category is capped at 250 km per day.","مع دياب كار في الدار البيضاء، الكيلومترات غير محدودة في خمس فئات: الاقتصادية والمدمجة والفان والصالون وسيارات الدفع الرباعي (SUV). أما في فئة بريميوم فالأمر يختلف حسب السيارة: بعضها غير محدود وبعضها محدود بـ250 كيلومترًا في اليوم. وفئة الفخامة محدودة بـ250 كيلومترًا في اليوم.","En Diab Car, Casablanca, el kilometraje es ilimitado en cinco categorías: económico, compacto, van, berlina y SUV. En premium depende del coche: algunos son ilimitados y otros están limitados a 250 km al día. La categoría lujo está limitada a 250 km al día.","Chez Diab Car, à Casablanca, le kilométrage est illimité sur cinq des sept catégories : économique, compacte, van, berline et SUV. Sur ces voitures, il n'y a ni plafond kilométrique ni facturation au kilomètre, quelle que soit la distance parcourue pendant la location.

Deux catégories font exception. En premium, la règle dépend de la voiture : certains modèles sont en kilométrage illimité, d'autres sont plafonnés à 250 km par jour. En luxe, le plafond est de 250 km par jour. Si vous visez une voiture premium, vérifiez avec nous la règle qui s'applique à ce modèle précis avant de réserver.

Sur les voitures plafonnées, confirmez avec nous ce qui s'applique au-delà de 250 km par jour avant de réserver : WhatsApp au +212 6 59 77 55 82, réponse en moins de 10 minutes entre 08h00 et 23h00. Si votre programme dépasse 250 km par jour, l'une des cinq catégories en kilométrage illimité peut être plus adaptée.

À ne pas confondre avec le carburant : le kilométrage illimité ne change rien à la politique carburant, qui est le plein-à-plein. Vous partez avec le plein et vous rendez la voiture avec le plein, quelle que soit la distance parcourue."
"Q005","conditions","","","ready","","Faut-il rendre la voiture avec le plein de carburant ?","Do I have to return the car with a full tank?","هل يجب أن أعيد السيارة بخزان وقود ممتلئ؟","¿Tengo que devolver el coche con el depósito lleno?","Diab Car applique le plein à plein : à Casablanca, la voiture vous est remise avec le réservoir plein et doit être rendue avec le plein. Pensez à refaire le plein juste avant de la rendre.","Diab Car, in Casablanca, applies a full-to-full fuel policy: the car is handed over with a full tank and must be returned full. Remember to refill the tank just before you return it.","تعتمد دياب كار في الدار البيضاء سياسة الخزان الممتلئ إلى الخزان الممتلئ: تُسلَّم لك السيارة بخزان وقود ممتلئ ويجب إرجاعها ممتلئة. احرص على ملء الخزان قبل إرجاع السيارة مباشرة.","Diab Car, en Casablanca, aplica la política de depósito lleno a depósito lleno: el coche se entrega con el depósito lleno y debe devolverse lleno. Acuérdate de llenar el depósito justo antes de devolverlo.","Diab Car applique le plein à plein. Vous recevez la voiture avec le réservoir plein, à l'agence du 356 boulevard Zerktouni à Casablanca ou au point de livraison convenu, et vous la rendez avec le réservoir plein.

En pratique : faites le plein dans une station proche du lieu de restitution juste avant de rendre la voiture. Si vous ne pouvez pas refaire le plein avant l'heure du retour, demandez-nous sur WhatsApp, avant de rendre la voiture, ce qui s'applique dans ce cas.

Quel carburant mettre ? Vérifiez le type de carburant de votre voiture avant le premier plein et, en cas de doute, demandez-le-nous sur WhatsApp. Au Maroc, à la pompe, « gasoil » désigne le diesel : se tromper de carburant peut endommager le moteur.

Combien coûte un plein ? Au Maroc, le prix du carburant est un prix de marché, variable selon la station et la date : vérifiez-le à la pompe.

Une question sur le carburant avant de réserver ? Écrivez-nous sur WhatsApp au +212 6 59 77 55 82 : nous répondons sous 10 minutes, de 08:00 à 23:00."
"Q010","conditions","","","ready","","Puis-je annuler ma réservation sans frais, et jusqu'à quand ?","Can I cancel my car rental booking for free, and how late can I do it?","هل يمكنني إلغاء حجز كراء السيارة مجاناً؟ وإلى أي وقت؟","¿Puedo cancelar mi reserva de coche sin gastos? ¿Hasta cuándo?","L'annulation est gratuite jusqu'à 24 heures avant la prise en charge chez Diab Car, à Casablanca. Aucun paiement en ligne n'est jamais demandé : rien n'est prélevé à la réservation, donc il n'y a aucun remboursement à attendre. Réservation par WhatsApp ou sur diabcar.ma. Pour annuler, contactez Diab Car, par exemple sur WhatsApp au +212 6 59 77 55 82.","Cancellation is free up to 24 hours before pick-up at Diab Car in Casablanca. There is never any online payment, so nothing is charged when you book and there is no refund to wait for. Book by WhatsApp or on diabcar.ma. To cancel, contact Diab Car, for example on WhatsApp at +212 6 59 77 55 82.","إلغاء الحجز مجاني حتى 24 ساعة قبل موعد الاستلام لدى دياب كار في الدار البيضاء. لا يوجد أي دفع عبر الإنترنت إطلاقاً، فلا يُخصم منك أي مبلغ عند الحجز ولا يوجد ما تنتظر استرجاعه. الحجز عبر واتساب أو على موقع diabcar.ma. للإلغاء، تواصل مع دياب كار، مثلاً عبر واتساب على الرقم +212 6 59 77 55 82.","La cancelación es gratuita hasta 24 horas antes de la recogida en Diab Car, Casablanca. Nunca hay pago en línea: no se cobra nada al reservar, así que no hay ningún reembolso que esperar. Reserva por WhatsApp o en diabcar.ma. Para cancelar, contacta con Diab Car, por ejemplo por WhatsApp al +212 6 59 77 55 82.","Chez Diab Car, à Casablanca, l'annulation est gratuite jusqu'à 24 heures avant l'heure de prise en charge, que la réservation ait été faite sur diabcar.ma ou par WhatsApp.

Diab Car ne prend aucun paiement en ligne, jamais : rien n'est prélevé au moment de la réservation. La location se règle à la prise en charge, en espèces ou par carte bancaire sur le terminal (TPE). Une annulation faite dans le délai ne laisse donc aucun acompte à récupérer ni aucun remboursement à attendre.

Pour annuler, contactez Diab Car, par exemple sur WhatsApp au +212 6 59 77 55 82. Les messages WhatsApp reçoivent une réponse en moins de 10 minutes entre 08h00 et 23h00, donc bien après la fermeture du comptoir : l'agence du 356 boulevard Zerktouni reçoit du lundi au samedi de 08h00 à 20h00, et le dimanche de 09h00 à 18h00. Prévenez-nous dès que possible.

Deux cas à part. Si vous devez annuler à moins de 24 heures de la prise en charge, vous êtes hors du délai d'annulation gratuite : contactez Diab Car pour savoir ce qui s'applique à votre réservation. Et si vous préférez décaler vos dates, changer de catégorie de voiture ou modifier le lieu de livraison plutôt qu'annuler, contactez également Diab Car pour vérifier ce qui est possible sur vos dates."
"V001","vehicle","","","ready","","Citadine, compacte, berline, SUV, premium, luxe : quelle est la différence et laquelle choisir ?","City car, compact, sedan, SUV, premium, luxury — what is the difference and which one should I take?","سيارة مدينة، مدمجة، سيدان، SUV، بريميوم، لوكس: ما الفرق بينها وأيّها أختار عند كراء سيارة بالدار البيضاء؟","Urbano, compacto, berlina, SUV, premium, lujo: ¿qué diferencia hay y cuál me conviene?","À Casablanca, les catégories Diab Car diffèrent notamment par le prix, la caution et le kilométrage. Prix par jour à partir de : 220 MAD en citadine, 250 en compacte et en van, 260 en berline, 380 en SUV, 650 en premium, 900 MAD en luxe. Caution de 3 000 à 10 000 MAD ; kilométrage illimité en citadine, compacte, van, berline et SUV.","In Casablanca, Diab Car's categories differ by price, deposit and mileage, among other things. Daily prices start from: 220 MAD for an economy city car, 250 for compact and van, 260 for sedan, 380 for SUV, 650 for premium, 900 MAD for luxury. Deposits run from 3,000 to 10,000 MAD; mileage is unlimited on city car, compact, van, sedan and SUV.","تختلف فئات دياب كار بالدار البيضاء، من بين أمور أخرى، في السعر ومبلغ الضمان والكيلومترات. السعر اليومي ابتداءً من: 220 درهماً مغربياً (MAD) لسيارة المدينة، 250 للمدمجة والفان، 260 للسيدان، 380 لـSUV، 650 للبريميوم و900 درهم للوكس. الضمان من 3000 إلى 10000 درهم، والكيلومترات غير محدودة في سيارة المدينة والمدمجة والفان والسيدان وSUV.","En Casablanca, las categorías de Diab Car se distinguen, entre otras cosas, por el precio, la fianza y el kilometraje. Precio por día a partir de: 220 MAD en urbano, 250 en compacto y furgoneta, 260 en berlina, 380 en SUV, 650 en premium, 900 MAD en lujo. Fianza de 3.000 a 10.000 MAD; kilometraje ilimitado en urbano, compacto, furgoneta, berlina y SUV.","Les catégories Diab Car à Casablanca se distinguent notamment par le tarif « à partir de » par jour, la caution, le kilométrage, l'âge minimum et la durée minimum de location.

Citadine (catégorie économique) : à partir de 220 MAD/jour, caution de 3 000 à 3 500 MAD, kilométrage illimité. Compacte : à partir de 250 MAD/jour, caution de 3 000 à 4 000 MAD, kilométrage illimité. Van : à partir de 250 MAD/jour, caution 3 000 MAD, kilométrage illimité. Berline : à partir de 260 MAD/jour, caution 3 000 MAD, kilométrage illimité. SUV : à partir de 380 MAD/jour, caution de 5 000 à 6 000 MAD, kilométrage illimité. Premium : à partir de 650 MAD/jour, caution de 6 000 à 8 000 MAD, kilométrage illimité sur une partie des modèles et limité à 250 km/jour sur les autres — demandez la règle du modèle choisi avant de réserver. Luxe : à partir de 900 MAD/jour, caution 10 000 MAD, 250 km/jour, et 2 jours de location minimum (1 jour minimum dans les autres catégories).

Le kilométrage est donc illimité dans cinq catégories sur sept : citadine, compacte, van, berline et SUV. Il est mixte en premium et limité à 250 km/jour en luxe.

Âge minimum : 21 ans, et 25 ans pour les catégories premium. Le permis doit être détenu depuis au moins 1 an.

Des remises s'appliquent selon la durée : −10 % à partir de 7 jours de location, −15 % à partir de 15 jours et −25 % à partir de 30 jours. Au mois, les tarifs partent de 6 500 MAD en citadine, 9 500 MAD en SUV et 19 000 MAD en premium.

Pour savoir ce qui s'applique au-delà de 250 km/jour, en luxe et sur les modèles premium concernés, ou pour le nombre de places, le coffre, la boîte de vitesses ou le carburant d'un modèle précis, demandez avant de réserver sur WhatsApp au +212 6 59 77 55 82 ; réponse sous 10 minutes entre 08:00 et 23:00."
"V002","vehicle","","","ready","","Avez-vous des voitures à boîte automatique à Casablanca ?","Do you have automatic cars in Casablanca? I can't drive a manual.","هل لديكم سيارات أوتوماتيكية للكراء في الدار البيضاء؟","¿Tenéis coches automáticos en Casablanca? No sé conducir con cambio manual.","Oui, Diab Car à Casablanca propose des voitures à boîte automatique dans les catégories économique (citadine), compacte, SUV, premium et luxe. Les catégories berline et van sont uniquement en boîte manuelle. En économique, compacte et SUV, les deux boîtes existent.","Yes. Diab Car in Casablanca has automatic cars in the economy, compact, SUV, premium and luxury categories. The sedan and van categories are manual only, while economy, compact and SUV offer both manual and automatic cars.","نعم، لدى دياب كار في الدار البيضاء سيارات بناقل حركة أوتوماتيكي في فئات الاقتصادية (سيارة المدينة) والمدمجة وSUV والبريميوم واللوكس. أما فئتا السيدان والفان فبناقل حركة يدوي فقط، وتضم الفئات الاقتصادية والمدمجة وSUV سيارات يدوية وأخرى أوتوماتيكية.","Sí. Diab Car en Casablanca tiene coches automáticos en las categorías económico (urbano), compacto, SUV, premium y lujo. Las categorías berlina y furgoneta son solo de cambio manual; económico, compacto y SUV ofrecen coches manuales y automáticos.","Oui, Diab Car à Casablanca propose des voitures à boîte automatique, dans les catégories économique (citadine), compacte, SUV, premium et luxe.

Les catégories berline et van sont uniquement en boîte manuelle. Si vous ne conduisez pas une boîte manuelle, choisissez donc une autre catégorie.

En économique, compacte et SUV, la flotte compte à la fois des voitures manuelles et des voitures automatiques : vérifiez la boîte de vitesses du modèle avant de réserver.

Sur la page flotte, le filtre « Automatique » permet d'afficher les voitures à boîte automatique. La flotte évolue : pour confirmer qu'un modèle automatique précis est disponible à vos dates, écrivez sur WhatsApp au +212 6 59 77 55 82 ; réponse sous 10 minutes entre 08:00 et 23:00."
"AGENCE-01","general","casablanca","","ready","","Diab Car est-elle une vraie agence, officiellement enregistrée à Casablanca ?","Is Diab Car a real, officially registered car rental company in Casablanca?","هل دياب كار (Diab Car) شركة كراء سيارات حقيقية ومسجلة رسميا في الدار البيضاء؟","¿Diab Car es una agencia de alquiler de coches real y registrada en Casablanca?","Diab Car est l'agence de location de voitures de DIAB CAR SARL (RC Casablanca 285663, ICE 000032763000039, capital social 1 200 000 MAD), une société à responsabilité limitée installée au 356 boulevard Zerktouni, Casablanca 20000. L'agence Diab Car se joint au +212 5 22 26 03 05 ou sur WhatsApp au +212 6 59 77 55 82, et loue à la journée, à la semaine et au mois.","Diab Car is the car rental agency of DIAB CAR SARL (Casablanca trade register no. 285663, ICE 000032763000039, share capital MAD 1,200,000), a Moroccan limited-liability company located at 356 boulevard Zerktouni, Casablanca 20000. Diab Car can be reached on +212 5 22 26 03 05 or on WhatsApp at +212 6 59 77 55 82, and rents cars by the day, the week or the month.","دياب كار (Diab Car) هي وكالة كراء السيارات التابعة لشركة DIAB CAR SARL (السجل التجاري بالدار البيضاء رقم 285663، ICE 000032763000039، رأس المال 1.200.000 درهم)، وهي شركة ذات مسؤولية محدودة توجد في 356 شارع الزرقطوني، الدار البيضاء 20000. يمكن التواصل مع دياب كار على الرقم +212 5 22 26 03 05 أو عبر واتساب على +212 6 59 77 55 82، وتكري السيارات باليوم والأسبوع والشهر.","Diab Car es la agencia de alquiler de coches de DIAB CAR SARL (Registro Mercantil de Casablanca n.º 285663, ICE 000032763000039, capital social 1.200.000 MAD), una sociedad de responsabilidad limitada marroquí situada en 356 boulevard Zerktouni, Casablanca 20000. Se puede contactar con Diab Car en el +212 5 22 26 03 05 o por WhatsApp en el +212 6 59 77 55 82, y alquila por día, por semana y por mes.","Diab Car est l'agence de location de voitures de DIAB CAR SARL, une société à responsabilité limitée. L'agence Diab Car se trouve au 356 boulevard Zerktouni, Casablanca 20000. Elle propose la location à la journée, à la semaine et au mois, avec livraison du véhicule au client, et la réservation se fait par WhatsApp ou via le site web de Diab Car.

Pour joindre l'agence : téléphone fixe +212 5 22 26 03 05, WhatsApp +212 6 59 77 55 82, e-mail diabcar@gmail.com. L'agence du 356 boulevard Zerktouni est ouverte du lundi au samedi de 08:00 à 20:00 et le dimanche de 09:00 à 18:00. Sur WhatsApp, Diab Car annonce une réponse en moins de 10 minutes entre 08:00 et 23:00, soit au-delà de l'heure de fermeture de l'agence.

Diab Car ne prend aucun paiement en ligne. La location se règle à la prise en charge du véhicule, en espèces ou par carte bancaire sur terminal de paiement (TPE). La caution, de 3 000 à 10 000 MAD selon la catégorie et le véhicule, est restituée sous 7 jours.

Au Maroc, l'existence légale d'une société se vérifie au registre du commerce : le registre central est tenu par l'OMPIC (Office marocain de la propriété industrielle et commerciale), et une société y est identifiée par sa dénomination, son numéro d'immatriculation au registre du commerce (RC) et son identifiant commun de l'entreprise (ICE). Pour DIAB CAR SARL : RC Casablanca 285663, ICE 000032763000039, capital social de 1 200 000 MAD."
"MRE-01","general","","","blocked","Held back by the final fact-check: LONG(fr): ""une fois ces 6 mois utilisés""; SHORT(fr/en/es/ar): ""passé ce délai"" / ""past that point"" / ""pasado ese plazo"" / ""بعد بلوغ هذه المدة"", which pick up the question's ""6 mois / 6 months / seis meses / 6 أشهر"" of temporary admission | LONG(fr): ""La caution va de 3 000 MAD à 10 000 MAD... restituée sous 7 jours. Il n'y a aucun paiement en ligne : le règlement se fait à la prise en charge, en espèces ou par carte bancaire sur TPE""","J'ai épuisé les 6 mois d'admission temporaire de ma voiture au Maroc, qu'est-ce que je peux faire ?","My car has used up its 6 months of temporary admission in Morocco — what can I do?","استنفدت 6 أشهر من القبول المؤقت لسيارتي المرقّمة بالخارج في المغرب، ماذا أفعل؟","He agotado los seis meses de admisión temporal de mi coche en Marruecos, ¿qué puedo hacer?","","","","",""
"MRE-02","general","","","ready","","Mon frère qui habite au Maroc peut-il conduire ma voiture immatriculée à l'étranger ?","Can my brother, who lives in Morocco, drive my foreign-plated car?","هل يمكن لأخي المقيم في المغرب أن يقود سيارتي المرقّمة بالخارج؟","¿Puede mi hermano, que vive en Marruecos, conducir mi coche con matrícula extranjera?","À vérifier avant de lui prêter la voiture : pour un véhicule immatriculé à l'étranger, la réponse peut dépendre non seulement de son permis, mais aussi des règles douanières applicables au véhicule. La référence est la douane marocaine (ADII). S'il a besoin de rouler seul, la location est une option : Diab Car, Casablanca, à partir de 220 MAD/jour.","Check before lending him the car: for a foreign-registered vehicle, the answer may depend not only on his licence but also on the customs rules that apply to the vehicle. The reference is Moroccan customs (ADII). If he needs to drive on his own, renting is an option: Diab Car, Casablanca, from 220 MAD per day.","تحقّق من ذلك قبل أن تعيره السيارة: بالنسبة لسيارة مرقّمة بالخارج، قد لا يتوقف الجواب على رخصة سياقته فحسب، بل أيضاً على القواعد الجمركية المطبّقة على السيارة. والمرجع في ذلك إدارة الجمارك والضرائب غير المباشرة. وإذا كان يحتاج إلى القيادة وحده، فمن الحلول تأجير سيارة: دياب كار بالدار البيضاء، ابتداءً من 220 درهماً (MAD) في اليوم.","Compruébelo antes de prestarle el coche: en un vehículo con matrícula extranjera, la respuesta puede depender no solo de su permiso de conducir, sino también de las normas aduaneras aplicables al vehículo. La referencia es la aduana marroquí (ADII). Si necesita conducir solo, una opción es alquilar: Diab Car, Casablanca, desde 220 MAD al día.","Pour une voiture immatriculée à l'étranger, la réponse peut dépendre non seulement du permis de votre frère, mais aussi des règles douanières applicables au véhicule, par exemple s'il est entré au Maroc sous admission temporaire. Qui peut le conduire, et dans quelles conditions, se vérifie auprès de la douane marocaine (ADII, douane.gov.ma) avant de lui confier le volant.

Si la famille sur place a besoin de rouler seule — l'école, les courses, les allers-retours à l'aéroport — la location est une option.

Chez Diab Car, 356 boulevard Zerktouni à Casablanca, la location démarre à 220 MAD/jour en économique (prix « à partir de », selon le modèle et les dates), pour 1 jour minimum — 2 jours en catégorie luxe. Le conducteur doit avoir 21 ans au minimum (25 ans pour les catégories premium) et détenir son permis depuis au moins 1 an. Le kilométrage est illimité sur les catégories économique, compacte, van, berline et SUV, et les remises s'appliquent à partir de 7 jours (−10 %), 15 jours (−15 %) et 30 jours (−25 %).

Aucun paiement en ligne : espèces ou carte bancaire sur TPE à la prise en charge, annulation gratuite jusqu'à 24 heures avant la prise en charge. WhatsApp +212 6 59 77 55 82, réponse sous 10 minutes entre 08h00 et 23h00, ou réservation sur diabcar.ma."
"MRE-03","general","","","ready","","Ai-je besoin de la carte verte pour une voiture de location au Maroc ?","Do I need a green card (international insurance card) for a rental car in Morocco?","هل أحتاج إلى البطاقة الخضراء (التأمين الدولي) لسيارة مكتراة في المغرب؟","¿Necesito la carta verde para un coche de alquiler en Marruecos?","Pour une voiture de location, posez la question directement à Diab Car : ce que couvre l'assurance du véhicule loué et les documents à présenter se confirment sur WhatsApp au +212 6 59 77 55 82. Si vous venez avec votre propre voiture, la carte verte est à vérifier auprès de votre assureur.","For a rental car, ask Diab Car directly: what the rental car's insurance covers and which documents to bring can be confirmed on WhatsApp at +212 6 59 77 55 82. If you are coming with your own car, check the green card with your own insurer.","بالنسبة لسيارة مكتراة، اطرحوا السؤال مباشرة على دياب كار: يمكن تأكيد ما يغطيه تأمين السيارة المكتراة والوثائق الواجب تقديمها عبر واتساب على الرقم +212 6 59 77 55 82. وإذا كنتم قادمين بسيارتكم الخاصة، فتحققوا من مسألة البطاقة الخضراء لدى شركة التأمين الخاصة بكم.","Para un coche de alquiler, pregunte directamente a Diab Car: qué cubre el seguro del coche alquilado y qué documentos presentar se pueden confirmar por WhatsApp en el +212 6 59 77 55 82. Si viene con su propio coche, consulte lo relativo a la carta verde con su aseguradora.","Pour une voiture louée sur place, la réponse la plus sûre vient du loueur : ce que couvre l'assurance du véhicule loué, s'il existe une franchise et quels documents présenter se confirment auprès de Diab Car avant de réserver.

Si vous venez au Maroc avec votre propre voiture, c'est auprès de votre assureur qu'il faut vérifier ce que prévoit votre contrat pour le Maroc, carte verte (carte internationale d'assurance) comprise.

Chez Diab Car, le conducteur doit avoir 21 ans au minimum (25 ans pour les catégories premium) et détenir son permis depuis au moins 1 an.

Pour poser ces questions : WhatsApp au +212 6 59 77 55 82, réponse sous 10 minutes, de 08h00 à 23h00. Diab Car, 356 boulevard Zerktouni, Casablanca."
"conduite-au-maroc-accident","general","","","ready","","Que faire en cas d'accident, de panne ou de crevaison avec une voiture de location au Maroc ?","What do I do if I have an accident, a breakdown or a flat tyre with a rental car in Morocco?","ماذا أفعل في حالة حادث أو عطل أو ثقب عجلة بسيارة مستأجرة في المغرب؟","¿Qué hago si tengo un accidente, una avería o un pinchazo con un coche de alquiler en Marruecos?","Accident, panne ou crevaison au Maroc : mettez-vous d'abord en sécurité et, s'il y a un blessé, appelez les secours. Prévenez ensuite Diab Car, à Casablanca, sur WhatsApp au +212 6 59 77 55 82, et demandez quelles démarches suivre pour votre location.","Accident, breakdown or flat tyre in Morocco: first get to safety and, if anyone is injured, call the emergency services. Then tell Diab Car in Casablanca on WhatsApp at +212 6 59 77 55 82 and ask which steps to follow for your rental.","في حالة حادث أو عطل أو ثقب عجلة في المغرب: ابدأ بتأمين سلامتك، وإذا كان هناك جريح فاتصل بخدمات الطوارئ. ثم أخبر دياب كار بالدار البيضاء عبر واتساب على الرقم +212 6 59 77 55 82، واستفسر عن الخطوات الواجب اتباعها بالنسبة لسيارتك المستأجرة.","Accidente, avería o pinchazo en Marruecos: ponte primero a salvo y, si hay heridos, llama a los servicios de emergencia. Después avisa a Diab Car, en Casablanca, por WhatsApp al +212 6 59 77 55 82 y pregunta qué pasos seguir con tu alquiler.","Accident : mettez-vous d'abord en sécurité. S'il y a un blessé, appelez les secours sans attendre. Si vous pouvez le faire sans danger, photographiez les véhicules, les plaques, les dégâts et leur position sur la route. Prévenez ensuite Diab Car sur WhatsApp au +212 6 59 77 55 82.

Les démarches après un accident dépendent des circonstances. Avec une voiture de location, demandez à Diab Car ce qu'il faut faire, quels documents remplir et qui s'en charge.

Panne, crevaison, voyant allumé : mettez-vous en sécurité, puis prévenez Diab Car sur WhatsApp au +212 6 59 77 55 82. Les messages WhatsApp reçoivent une réponse sous 10 minutes entre 08:00 et 23:00 ; le comptoir du 356 boulevard Zerktouni à Casablanca est ouvert du lundi au samedi de 08:00 à 20:00 et le dimanche de 09:00 à 18:00. Dans votre message, indiquez votre position exacte, la plaque du véhicule et ce que vous voyez ou entendez.

Pour les garanties d'assurance, la franchise et les éventuelles modalités d'assistance propres à votre contrat, interrogez Diab Car avant de prendre la route."
"conduite-au-maroc-gardien-de-voiture","general","","","ready","","C'est quoi un gardien de voiture au Maroc, et combien faut-il lui donner ?","Who are the car park attendants (""gardiens"") in Morocco, and how much should I give them?","من هو حارس السيارات في المغرب، وكم ينبغي أن أعطيه؟","¿Qué es un ""gardien"" (guardacoches) en Marruecos y cuánto hay que darle?","Au Maroc, un gardien de voitures surveille les véhicules garés dans la rue et se paie de la main à la main. Convenez du montant avec lui avant de vous garer. Les gardiens sont très présents à Casablanca : gardez de la petite monnaie.","In Morocco a ""gardien"" watches cars parked in the street and is paid by hand. Agree the amount with the gardien before you park. Gardiens are very common in Casablanca, so keep small change.","في المغرب، يتولى حارس السيارات مراقبة السيارات المتوقفة في الشارع، ويُدفع له مباشرة يدًا بيد. اتفق معه على المبلغ قبل أن تركن سيارتك. وحراس السيارات منتشرون بكثرة في الدار البيضاء، فاحتفظ بنقود صغيرة.","En Marruecos el ""gardien"" (guardacoches) vigila los coches aparcados en la calle y se le paga en mano. Acuerda el importe con él antes de aparcar. En Casablanca son muy habituales, así que lleva monedas pequeñas.","Le gardien de voitures fait partie du paysage urbain marocain : il surveille les véhicules garés le long de la rue, aide parfois à la manœuvre, et se fait payer de la main à la main.

À Casablanca, où les gardiens sont très présents, convenez du montant avec le gardien avant de vous garer.

Un réflexe utile : gardez de la petite monnaie dans la voiture.

Ce paiement se fait sur la voie publique ; il ne passe pas par l'agence de location."
"conduite-au-maroc-limitations-vitesse","general","","","blocked","The question asks for the actual speed limits (town / road / motorway). Every figure in the entry (60/100/120, 20/40, 80, 100, 60 then 40), the statute number, the NARSA attribution and the enforcement procedure are unverifiable and had to be removed; without verified figures the entry cannot answer its own question. Unblock only if the owner supplies the legal limits from a primary official source.","Quelles sont les limitations de vitesse au Maroc, en ville, sur route et sur autoroute ?","What are the speed limits in Morocco — in town, on the open road and on the motorway?","ما هي حدود السرعة في المغرب داخل المدينة وخارجها وعلى الطريق السيار؟","¿Cuáles son los límites de velocidad en Marruecos, en ciudad, en carretera y en autopista?","","","","",""
"conduite-au-maroc-siege-enfant-loi","general","","","blocked","The question asks whether a child seat is legally compulsory and from what age a child may sit in front. The age threshold (10), the obligation (rear seat, approved restraint, whatever the distance), the licence-point penalty and 'la règle marocaine est claire' are all unverifiable and had to be removed; without them the entry cannot answer its own question. Unblock only if the owner supplies the Moroccan rule from a primary official source.","Le siège auto est-il obligatoire pour les enfants au Maroc, et à partir de quel âge peuvent-ils monter à l'avant ?","Is a child car seat compulsory in Morocco, and from what age can a child sit in the front?","هل مقعد الأطفال إلزامي في المغرب، ومن أي سن يمكن للطفل الجلوس في المقعد الأمامي؟","¿Es obligatoria la silla infantil en Marruecos y a partir de qué edad puede ir un niño delante?","","","","",""
